job_id,record_id,parent_record_id,content_type,json_path,field_name,source_ko,existing_en,suggested_en,status,needs_review,review_reason,source_hash,approved
portfolio-en-20260806T140416Z,638c3bb4-6c39-4f9e-9e06-8e2783bbd814:works:0,638c3bb4-6c39-4f9e-9e06-8e2783bbd814,artist_work_media,works[0],special_media_item,[excluded profile media item],,,skipped,false,excluded_profile_media_item,c70454a657c9cd98961f77629d07ea940b63ce3c54d8723d7d5a3e7d363f28da,false
portfolio-en-20260806T140416Z,7fb90338-2d50-40f4-92d7-ac92202f123f,7fb90338-2d50-40f4-92d7-ac92202f123f,artist,name_en,name,Dayeon Lee,,,skipped,false,already_english_only,b2248f06c8b533465fa12da5eaf7de54f30fbf8ece166ed4e6a9100f180fe503,false
portfolio-en-20260806T140416Z,7fb90338-2d50-40f4-92d7-ac92202f123f:affiliations:0,7fb90338-2d50-40f4-92d7-ac92202f123f,artist_affiliations,affiliations[0].organization_en,name,POPOK Test Company,,,skipped,false,already_english_only,3ad5396d64eb3ece467a800f5d25898d463302ff4f07b86fa1d6c023265b1555,false
portfolio-en-20260806T140416Z,9072f1cb-dd36-4343-9fe4-c5c510651324:works:0,9072f1cb-dd36-4343-9fe4-c5c510651324,artist_work,works[0].title_en,title,Getting Yellow,,,skipped,false,already_english_only,83abc1866b4fce4d54a1b846c2f1a35ee71a7e1538da35554ec1963cdeda0a0a,false
portfolio-en-20260806T140416Z,ec71b25f-81d0-4885-8dbd-45abf94cc4f0,ec71b25f-81d0-4885-8dbd-45abf94cc4f0,artist,name_en,name,Bomin Kim,,,skipped,false,already_english_only,21f59970913c05d4336304ab1e3d801633f1c2e0d7eb8491204f9bb2a9f7c245,false
portfolio-en-20260806T140416Z,ec71b25f-81d0-4885-8dbd-45abf94cc4f0:works:11,ec71b25f-81d0-4885-8dbd-45abf94cc4f0,artist_work,works[11].title_en,title,Project Dance Archiving,,,skipped,false,already_english_only,a6001dcc93adf42f02153dc42c7ea56f63f8451c7c809e88ca8e9f953840ab9d,false
portfolio-en-20260806T140416Z,ec71b25f-81d0-4885-8dbd-45abf94cc4f0:works:16,ec71b25f-81d0-4885-8dbd-45abf94cc4f0,artist_work,works[16].title_en,title,nu(~),,,skipped,false,already_english_only,48e59d8b6cf6e10f10b82e5f9e4cf915dd1f8cb5a05d0d41928b0c6577b0874f,false
portfolio-en-20260806T140416Z,ec71b25f-81d0-4885-8dbd-45abf94cc4f0:works:24,ec71b25f-81d0-4885-8dbd-45abf94cc4f0,artist_work,works[24].title_en,title,Project Dance Archiving,,,skipped,false,already_english_only,a6001dcc93adf42f02153dc42c7ea56f63f8451c7c809e88ca8e9f953840ab9d,false
portfolio-en-20260806T140416Z,ec71b25f-81d0-4885-8dbd-45abf94cc4f0:works:25,ec71b25f-81d0-4885-8dbd-45abf94cc4f0,artist_work,works[25].title_en,title,nu(~),,,skipped,false,already_english_only,48e59d8b6cf6e10f10b82e5f9e4cf915dd1f8cb5a05d0d41928b0c6577b0874f,false
portfolio-en-20260806T140416Z,ec71b25f-81d0-4885-8dbd-45abf94cc4f0:works:26,ec71b25f-81d0-4885-8dbd-45abf94cc4f0,artist_work,works[26].title_en,title,nu(~),,,skipped,false,already_english_only,48e59d8b6cf6e10f10b82e5f9e4cf915dd1f8cb5a05d0d41928b0c6577b0874f,false
portfolio-en-20260806T140416Z,ec71b25f-81d0-4885-8dbd-45abf94cc4f0:competitions:0,ec71b25f-81d0-4885-8dbd-45abf94cc4f0,artist_competitions,competitions[0].title_en,title,Artistic Research,,,skipped,false,already_english_only,9e0d1bd376d6072865179af912a2b6696b40049f35f035ba901addf8f87d6503,false
portfolio-en-20260806T140416Z,ec71b25f-81d0-4885-8dbd-45abf94cc4f0:competitions:0,ec71b25f-81d0-4885-8dbd-45abf94cc4f0,artist_competitions,competitions[0].organization_en,organization,Art Collider Lab,,,skipped,false,already_english_only,873eefa844f8bd0c33267d8a66193adaafa8365389294c21699d41f431db97b6,false
portfolio-en-20260806T140416Z,4f510524-5737-4890-a11b-77e9c01853f4:works:1,4f510524-5737-4890-a11b-77e9c01853f4,artist_work,works[1].title_en,title,Division,,,skipped,false,already_english_only,1945f15d0d5d0e6a95612eef533458bc9f7e6cd3ba69b2ea269f9b7f813747a7,false
portfolio-en-20260806T140416Z,75ad56ee-fc5d-455a-8e22-a8b7625887a0:works:0,75ad56ee-fc5d-455a-8e22-a8b7625887a0,artist_work,works[0].title_en,title,No Matter + white night,,,skipped,false,already_english_only,cb26b4c90eb2f37b272b7c4cb2b1c39bd0eab7fafc739b8615852f764a4fa161,false
portfolio-en-20260806T140416Z,75ad56ee-fc5d-455a-8e22-a8b7625887a0:works:5,75ad56ee-fc5d-455a-8e22-a8b7625887a0,artist_work,works[5].title_en,title,memento mori,,,skipped,false,already_english_only,e6d65b8d6997fff9eab78e887c2b63db6077e016c68c54b90a5c8d9c850d47f3,false
portfolio-en-20260806T140416Z,75ad56ee-fc5d-455a-8e22-a8b7625887a0:works:9,75ad56ee-fc5d-455a-8e22-a8b7625887a0,artist_work,works[9].title_en,title,Break the rules,,,skipped,false,already_english_only,6532085072b48f38d060e49d3d73f83157d4c9bf2dcfdb449806309b90148904,false
portfolio-en-20260806T140416Z,75ad56ee-fc5d-455a-8e22-a8b7625887a0:affiliations:0,75ad56ee-fc5d-455a-8e22-a8b7625887a0,artist_affiliations,affiliations[0].organization_en,name,Gals dance company,,,skipped,false,already_english_only,98a2bfd723cee67a2587ac48c8bc900cffc15767f7c7ad30a7537d46a5671118,false
portfolio-en-20260806T140416Z,75ad56ee-fc5d-455a-8e22-a8b7625887a0:affiliations:1,75ad56ee-fc5d-455a-8e22-a8b7625887a0,artist_affiliations,affiliations[1].organization_en,name,A-OTD company,,,skipped,false,already_english_only,0ed5ca6b0b9e8824024be424430f9ce6d4607d19be447c43df7d6eb3a120c459,false
portfolio-en-20260806T140416Z,a9160f87-d6cf-438f-92ce-26c4d997839d,a9160f87-d6cf-438f-92ce-26c4d997839d,artist,introduction_en,bio_short,"K-POP Songwriter, Producer",,,skipped,false,already_english_only,3d301b52fb9f6b3f66c22ed9dc64e3ddbf1f96e12e80250352725b935f8cc63a,false
portfolio-en-20260806T140416Z,a9160f87-d6cf-438f-92ce-26c4d997839d:works:0,a9160f87-d6cf-438f-92ce-26c4d997839d,artist_work,works[0].title_en,title,Whale in the Daylight!,,,skipped,false,already_english_only,b679bbba6ba587c729c135cbadf5264677e1ff021388db73471eba4450134c2d,false
portfolio-en-20260806T140416Z,a9160f87-d6cf-438f-92ce-26c4d997839d:works:1,a9160f87-d6cf-438f-92ce-26c4d997839d,artist_work_media,works[1],special_media_item,[excluded profile media item],,,skipped,false,excluded_empty_legacy_work_item,e2094e398a578ce2e1ce3e1a61c6608cdd0fc62608a9b5f42659a29d3320bf10,false
portfolio-en-20260806T140416Z,5cbbadd7-5040-442a-98a9-a866c5401085,5cbbadd7-5040-442a-98a9-a866c5401085,artist,name_en,name,DH2 Lee,,,skipped,false,already_english_only,6eeb0f017126bdd5489466cd566294b92e97099abc45babcde2c74c2e25465ce,false
portfolio-en-20260806T140416Z,ddf795ac-0a8a-45f7-b893-88712bec3e48:core_values:2,ddf795ac-0a8a-45f7-b893-88712bec3e48:core_values:2,company_core_value,core_values_en[2],core_value,SNS,,,skipped,false,already_english_only,b9876fbf3ea38a8adf87c35a03272fec5ca215b57da3209e7c8977e72c5f801d,false
portfolio-en-20260806T140416Z,3e40bab1-03f3-4f2b-8eac-e7898c3892ca:core_values:2,3e40bab1-03f3-4f2b-8eac-e7898c3892ca:core_values:2,company_core_value,core_values_en[2],core_value,SNS,,,skipped,false,already_english_only,b9876fbf3ea38a8adf87c35a03272fec5ca215b57da3209e7c8977e72c5f801d,false
portfolio-en-20260806T140416Z,bb2323b9-023b-436b-b09a-7ae3a4e73b5a:works:2,bb2323b9-023b-436b-b09a-7ae3a4e73b5a,company_work,works[2].title_en,title,99.9,,,skipped,false,date_or_number_only,67a859299853cd83571ae333069d137451167069cf31db85a13d882fccabcba3,false
portfolio-en-20260806T140416Z,9a8f1652-69a8-454a-9340-9694791d1333:core_values:2,9a8f1652-69a8-454a-9340-9694791d1333:core_values:2,company_core_value,core_values_en[2],core_value,SNS,,,skipped,false,already_english_only,b9876fbf3ea38a8adf87c35a03272fec5ca215b57da3209e7c8977e72c5f801d,false
portfolio-en-20260806T140416Z,9a8f1652-69a8-454a-9340-9694791d1333:works:0,9a8f1652-69a8-454a-9340-9694791d1333,company_work,works[0].title_en,title,Pan_Opticon,,,skipped,false,already_english_only,9e288c71ed2105a81f15ba1fb378f4e0ab9ef3c60397bcd486413dd0bd2da167,false
portfolio-en-20260806T140416Z,9a8f1652-69a8-454a-9340-9694791d1333:works:0,9a8f1652-69a8-454a-9340-9694791d1333,company_work,works[0].description_en,description,Pan_Opticon,,,skipped,false,already_english_only,115d7411cc7ae1c599c1ebc267b8dcb94c471e3c81e6b0ed6e902921986ebb62,false
portfolio-en-20260806T140416Z,9a8f1652-69a8-454a-9340-9694791d1333:works:1,9a8f1652-69a8-454a-9340-9694791d1333,company_work,works[1].title_en,title,egg,,,skipped,false,already_english_only,fcb1c5c3b32835e4632329a62374efc5e0522bc1167a2b05d38a7a4060cdc44e,false
portfolio-en-20260806T140416Z,9a8f1652-69a8-454a-9340-9694791d1333:works:3,9a8f1652-69a8-454a-9340-9694791d1333,company_work,works[3].title_en,title,Pan_Opticon - [Unseen_Code],,,skipped,false,already_english_only,7001f3652b4fc5c3805536dcb111170d309416078fc47e60042c80c1fa0d6cf8,false
portfolio-en-20260806T140416Z,9a8f1652-69a8-454a-9340-9694791d1333:works:4,9a8f1652-69a8-454a-9340-9694791d1333,company_work,works[4].title_en,title,RE,,,skipped,false,already_english_only,70f17fbd18e95ba0cbaa6efedeb6c234007bf6742aacec6d2cf51a4313bed85a,false
portfolio-en-20260806T140416Z,f95f2029-db1d-4e84-85f9-dd8a8ff55fe6:works:0:credits:3,f95f2029-db1d-4e84-85f9-dd8a8ff55fe6,company_work_credit,works[0].credits[3].role_en,role,PD,,,skipped,false,already_english_only,26d254204327a0a1963fca693a2bb9ae713d84c85f0b55e77d4e190d29d302d9,false
portfolio-en-20260806T140416Z,f95f2029-db1d-4e84-85f9-dd8a8ff55fe6:works:3,f95f2029-db1d-4e84-85f9-dd8a8ff55fe6,company_work,works[3].title_en,title,Beauty in the Beast (B.I.B),,,skipped,false,already_english_only,1f16570b99d1b7bc42a45629c229b2596070b4210590b3b11335bad9c53c4a02,false
portfolio-en-20260806T140416Z,a819ec0d-7c6e-469b-8489-c0f1c86c7b5e:works:1,a819ec0d-7c6e-469b-8489-c0f1c86c7b5e,company_work,works[1].title_en,title,On the Rock,,,skipped,false,already_english_only,ac54baafabc9a4de243d42ba543cfc115a4b65314186ea5f93b8a8587429eb95,false
portfolio-en-20260806T140416Z,ece1e313-3243-4eec-9133-411c2cac032c:works:0:credits:4,ece1e313-3243-4eec-9133-411c2cac032c,company_work_credit,works[0].credits[4].role_en,role,Creative Partner,,,skipped,false,already_english_only,a6cf8623d24b871705f4b9b9409076955f979902885c77ba8999fa3f0ca1ce82,false
portfolio-en-20260806T140416Z,ece1e313-3243-4eec-9133-411c2cac032c:works:1:credits:1,ece1e313-3243-4eec-9133-411c2cac032c,company_work_credit,works[1].credits[1].role_en,role,choreography,,,skipped,false,already_english_only,50d699fa6aa5edb9bcd8f885259bd7c0a237902a29d091069daddf2a00307923,false
portfolio-en-20260806T140416Z,ece1e313-3243-4eec-9133-411c2cac032c:works:1:credits:2,ece1e313-3243-4eec-9133-411c2cac032c,company_work_credit,works[1].credits[2].role_en,role,music,,,skipped,false,already_english_only,14d7ebebc8e59b7eb890bce6d809ee5951034ec25c38ebee3e0c2b8bd50c852a,false
portfolio-en-20260806T140416Z,ece1e313-3243-4eec-9133-411c2cac032c:works:1:credits:3,ece1e313-3243-4eec-9133-411c2cac032c,company_work_credit,works[1].credits[3].role_en,role,stage,,,skipped,false,already_english_only,309c3ee90fdd1fdfeaa0325b7f696c7ffeecb34504573214ee335fb9a463646b,false
portfolio-en-20260806T140416Z,ece1e313-3243-4eec-9133-411c2cac032c:works:1:credits:4,ece1e313-3243-4eec-9133-411c2cac032c,company_work_credit,works[1].credits[4].role_en,role,lighting,,,skipped,false,already_english_only,3c41693e37f2d78b94e17f359bb927fa103e89099aaab8f7716a93e3d16d2fea,false
portfolio-en-20260806T140416Z,ece1e313-3243-4eec-9133-411c2cac032c:works:1:credits:5,ece1e313-3243-4eec-9133-411c2cac032c,company_work_credit,works[1].credits[5].role_en,role,costume,,,skipped,false,already_english_only,8c73ea7783dff0941b7e06fa68a09c47a818a99fa54d235ae592a574a127bbac,false
portfolio-en-20260806T140416Z,f01cd417-e36c-48de-9649-9dc82e1d9ea5:works:3,f01cd417-e36c-48de-9649-9dc82e1d9ea5,company_work,works[3].title_en,title,In the beginning,,,skipped,false,already_english_only,17346d5790b1ffa9846f79e327a05445b5a946f0ffa09632e7cbf9da94305248,false
portfolio-en-20260806T140416Z,a5c2ab21-49af-43e9-96ac-fbc4237b4a8e:core_values:2,a5c2ab21-49af-43e9-96ac-fbc4237b4a8e:core_values:2,company_core_value,core_values_en[2],core_value,SNS,,,skipped,false,already_english_only,b9876fbf3ea38a8adf87c35a03272fec5ca215b57da3209e7c8977e72c5f801d,false
portfolio-en-20260806T140416Z,f4fb131e-84e0-4f9f-880c-c29e39472478:works:0,f4fb131e-84e0-4f9f-880c-c29e39472478,company_work,works[0].title_en,title,Beyond the Algorithm,,,skipped,false,already_english_only,d085835195be50e9fc98717f20d35b177a8b349a39e89a6a374438813cd0db1f,false
portfolio-en-20260806T140416Z,f4fb131e-84e0-4f9f-880c-c29e39472478:works:0:credits:0,f4fb131e-84e0-4f9f-880c-c29e39472478,company_work_credit,works[0].credits[0].role_en,role,choreography,,,skipped,false,already_english_only,50d699fa6aa5edb9bcd8f885259bd7c0a237902a29d091069daddf2a00307923,false
portfolio-en-20260806T140416Z,f4fb131e-84e0-4f9f-880c-c29e39472478:works:0:credits:1,f4fb131e-84e0-4f9f-880c-c29e39472478,company_work_credit,works[0].credits[1].role_en,role,music,,,skipped,false,already_english_only,14d7ebebc8e59b7eb890bce6d809ee5951034ec25c38ebee3e0c2b8bd50c852a,false
portfolio-en-20260806T140416Z,f4fb131e-84e0-4f9f-880c-c29e39472478:works:0:credits:2,f4fb131e-84e0-4f9f-880c-c29e39472478,company_work_credit,works[0].credits[2].role_en,role,media,,,skipped,false,already_english_only,60b05861c23c7d42acd7e8b5f224fa83faf5330b5273ad0c3e04fcb279518c79,false
portfolio-en-20260806T140416Z,f4fb131e-84e0-4f9f-880c-c29e39472478:works:0:credits:3,f4fb131e-84e0-4f9f-880c-c29e39472478,company_work_credit,works[0].credits[3].role_en,role,aiVisual,,,skipped,false,already_english_only,4589c7397c5065ab2e949b752ff4088b37a3d9494ee5164429c9b7a672f4866f,false
portfolio-en-20260806T140416Z,f4fb131e-84e0-4f9f-880c-c29e39472478:works:2,f4fb131e-84e0-4f9f-880c-c29e39472478,company_work,works[2].title_en,title,Kinesis,,,skipped,false,already_english_only,a0fc4bb2560acecd5a4817e857831cf09b7bad0864aeb3c7827f50070799538a,false
portfolio-en-20260806T140416Z,f4fb131e-84e0-4f9f-880c-c29e39472478:works:3,f4fb131e-84e0-4f9f-880c-c29e39472478,company_work,works[3].title_en,title,Pharmakos,,,skipped,false,already_english_only,f4c627d4ad614505e5daab4635e25d4e5c70b5c83fada235983c1c2bfd54ac25,false
portfolio-en-20260806T140416Z,f4fb131e-84e0-4f9f-880c-c29e39472478:works:4,f4fb131e-84e0-4f9f-880c-c29e39472478,company_work,works[4].title_en,title,Alpinist & Sherpa,,,skipped,false,already_english_only,c97ccd750ff2490b276ac26080d743881d8ac845a5558ce33863069be568e081,false
portfolio-en-20260806T140416Z,f4fb131e-84e0-4f9f-880c-c29e39472478:works:5,f4fb131e-84e0-4f9f-880c-c29e39472478,company_work,works[5].title_en,title,Peter pan Effect,,,skipped,false,already_english_only,612b52577c68605553ebc5a66810f088c17e644b7e0486b79f9c29e64cbb0682,false
